Case Number,IDH1R132H,ATRX,p53
IN Brain-0002,1,1,0
IN Brain-0004(a),1,1,0
IN Brain-0004(b),1,1,0
IN Brain-0007(a),0,1,1
IN Brain-0007(b),0,1,1
IN Brain-0008(a),0,1,1
IN Brain-0008(b),0,1,1
IN Brain-0012(a),0,0,1
IN Brain-0012(b),0,0,1
IN Brain-0013(a),0,1,1
IN Brain-0013(b),0,1,1
IN Brain-0015(a),0,1,0
IN Brain-0015(b),0,1,0
IN Brain-0020,0,1,1
IN Brain-0021,0,1,0
IN Brain-0024,0,1,0
IN Brain-0025(a),1,0,1
IN Brain-0025(b),1,0,1
IN Brain-0029(a),0,1,0
IN Brain-0029(b),0,1,0
IN Brain-0029(c),0,1,0
IN Brain-0030,1,0,1
IN Brain-0031(a),0,1,0
IN Brain-0031(b),0,1,0
IN Brain-0031(c),0,1,0
IN Brain-0031(d),0,1,0
IN Brain-0034,1,0,1
IN Brain-0035(a),1,0,1
IN Brain-0035(b),1,0,1
IN Brain-0036(a),0,1,0
IN Brain-0036(b),0,1,0
IN Brain-0038,1,1,0
IN Brain-0039,0,1,1
IN Brain-0040(a),0,1,0
IN Brain-0040(b),0,1,0
IN Brain-0041(a),1,1,1
IN Brain-0041(b),1,1,1
IN Brain-0042,1,0,1
IN Brain-0044(a),1,0,1
IN Brain-0044(b),1,0,1
IN Brain-0045,1,1,1
IN Brain-0046,0,0,1
IN Brain-0047,1,1,1
IN Brain-0048,0,1,1
IN Brain-0050(a),1,1,1
IN Brain-0050(b),1,1,1
IN Brain-0052(a),1,0,1
IN Brain-0052(b),1,0,1
IN Brain-0052(c),1,0,1
IN Brain-0056,1,1,0
IN Brain-0057,1,0,1
IN Brain-0058(a),1,1,0
IN Brain-0058(b),1,1,0
IN Brain-0059(a),0,1,0
IN Brain-0059(b),0,1,0
IN Brain-0059(c),0,1,0
IN Brain-0060,1,0,1
IN Brain-0061(a),0,1,0
IN Brain-0061(b),0,1,0
IN Brain-0062(a),1,0,1
IN Brain-0062(b),1,0,1
IN Brain-0063(a),0,1,0
IN Brain-0063(b),0,1,0
IN Brain-0063(c),0,1,0
IN Brain-0064(a),1,1,0
IN Brain-0064(b),1,1,0
IN Brain-0065,0,1,1
IN Brain-0066,1,1,1
IN Brain-0067,1,0,1
IN Brain-0068(a),1,0,1
IN Brain-0068(b),1,0,1
IN Brain-0069(a),1,0,1
IN Brain-0069(b),1,0,1
IN Brain-0070(a),0,1,0
IN Brain-0070(b),0,1,0
IN Brain-0071(a),0,1,0
IN Brain-0071(c),0,1,0
IN Brain-0072(a),0,1,0
IN Brain-0072(b),0,1,0
IN Brain-0072(c),0,1,0
IN Brain-0072(d),0,1,0
IN Brain-0073(a),0,1,0
IN Brain-0073(b),0,1,0
IN Brain-0074,1,0,1
IN Brain-0075,1,1,0
IN Brain-0076,1,0,1
IN Brain-0077(a),0,1,0
IN Brain-0077(b),0,1,0
IN Brain-0077(c),0,1,0
IN Brain-0078,1,1,0
IN Brain-0079(a),0,1,0
IN Brain-0079(b),0,1,0
IN Brain-0080(a),0,1,0
IN Brain-0080(b),0,1,0
IN Brain-0081(a),1,1,0
IN Brain-0081(b),1,1,0
IN Brain-0082,0,1,0
IN Brain-0084,1,0,1
IN Brain-0085(a),1,1,0
IN Brain-0085(b),1,1,0
IN Brain-0085(c),1,1,0
IN Brain-0085(d),1,1,0
IN Brain-0086(a),1,1,1
IN Brain-0086(b),1,1,1
IN Brain-0086(c),1,1,1
IN Brain-0088(a),1,0,1
IN Brain-0088(b),1,0,1
IN Brain-0089(a),1,0,1
IN Brain-0089(b),1,0,1
IN Brain-0090(a),1,0,1
IN Brain-0090(b),1,0,1
IN Brain-0091,0,1,0
IN Brain-0092(a),0,0,0
IN Brain-0092(b),0,0,0
IN Brain-0093,0,1,0
IN Brain-0094(a),0,1,0
IN Brain-0094(b),0,1,0
IN Brain-0094(c),0,1,0
IN Brain-0094(d),0,1,0
IN Brain-0094(e),0,1,0
IN Brain-0094(f),0,1,0
IN Brain-0094(g),0,1,0
IN Brain-0094(i),0,1,0
IN Brain-0094(j),0,1,0
IN Brain-0095(a),0,1,0
IN Brain-0095(b),0,1,0
IN Brain-0095(c),0,1,0
IN Brain-0096(a),0,1,1
IN Brain-0096(b),0,1,1
IN Brain-0097,1,0,1
IN Brain-0098(a),1,0,0
IN Brain-0098(b),1,0,0
IN Brain-0099,1,1,0
IN Brain-0100,0,1,0
IN Brain-0101,0,1,0
IN Brain-0102(a),0,1,0
IN Brain-0102(b),0,1,0
IN Brain-0103,0,1,0
IN Brain-0104(a),1,1,0
IN Brain-0104(b),1,1,0
IN Brain-0104(c),1,1,0
IN Brain-0105(a),0,1,0
IN Brain-0105(b),0,1,0
IN Brain-0106,0,1,0
IN Brain-0107,0,1,0
IN Brain-0108(a),1,0,1
IN Brain-0108(b),1,0,1
IN Brain-0108(c),1,0,1
IN Brain-0108(d),1,0,1
IN Brain-0109(a),1,1,0
IN Brain-0109(b),1,1,0
IN Brain-0110(a),1,1,0
IN Brain-0110(b),1,1,0
IN Brain-0111,0,1,0
IN Brain-0112(a),1,1,1
IN Brain-0112(b),1,1,1
IN Brain-0112(c),1,1,1
IN Brain-0113,0,1,0
IN Brain-0114(a),0,1,0
IN Brain-0114(b),0,1,0
IN Brain-0115,0,1,1
IN Brain-0116(a),0,1,1
IN Brain-0116(b),0,1,1
IN Brain-0117,0,1,0
IN Brain-0118(a),0,1,0
IN Brain-0118(b),0,1,0
IN Brain-0119,0,1,0
IN Brain-0120,0,1,0
IN Brain-0121,1,0,1
IN Brain-0122,0,1,1
IN Brain-0123,1,0,1
IN Brain-0124,1,0,1
IN Brain-0125,0,1,1
IN Brain-0126,1,1,1
IN Brain-0128,0,1,0
IN Brain-0129,0,1,1
IN Brain-0130,1,1,0
IN Brain-0131,0,1,0
IN Brain-0132,0,1,0
IN Brain-0133,0,1,0
IN Brain-0134,0,1,0
IN Brain-0135,1,0,1
IN Brain-0136,0,1,1
IN Brain-0137,0,1,0
IN Brain-0138,1,1,0
IN Brain-0139,1,1,0
IN Brain-0140,1,1,0
IN Brain-0141,0,1,0
IN Brain-0142,0,1,1
IN Brain-0143,1,1,0
IN Brain-0144,0,1,0
IN Brain-0145,0,1,0
IN Brain-0146,0,1,1
IN Brain-0147,1,1,0
IN Brain-0148,0,1,1
IN Brain-0149,1,0,0
IN Brain-0150,1,0,1
IN Brain-0151,0,1,0
IN Brain-0152,1,0,1
IN Brain-0153,1,1,0
IN Brain-0154,1,1,0
IN Brain-0155(a),0,1,0
IN Brain-0155(b),0,1,0
IN Brain-0156(a),0,0,1
IN Brain-0156(b),0,0,1
IN Brain-0157,0,1,1
IN Brain-0158(a),1,0,1
IN Brain-0158(b),1,0,1
IN Brain-0159,1,1,1
IN Brain-0160(a),1,1,0
IN Brain-0160(b),1,1,0
IN Brain-0161(a),1,1,0
IN Brain-0161(b),1,1,0
IN Brain-0162,1,0,1
IN Brain-0163(a),0,1,0
IN Brain-0163(b),0,1,0
IN Brain-0164,0,1,0
IN Brain-0165,1,0,0
IN Brain-0166,0,1,1
IN Brain-0167,0,1,1
IN Brain-0168(a),1,0,0
IN Brain-0168(b),1,0,0
IN Brain-0169,1,1,0
IN Brain-0170,0,1,0
IN Brain-0171(a),0,1,0
IN Brain-0171(b),0,1,0
IN Brain-0172,0,1,0
IN Brain-0173(a),1,0,1
IN Brain-0173(b),1,0,1
IN Brain-0174,1,0,1
IN Brain-0175,1,0,1
IN Brain-0176(a),1,0,1
IN Brain-0176(b),1,0,1
IN Brain-0178,1,0,1
IN Brain-0179(a),1,0,1
IN Brain-0179(b),1,0,1
IN Brain-0180(a),1,1,0
IN Brain-0180(b),1,1,0
IN Brain-0181(a),1,0,1
IN Brain-0181(b),1,0,1
IN Brain-0182(a),0,0,0
IN Brain-0182(b),0,0,0
IN Brain-0183(a),0,1,0
IN Brain-0183(b),0,1,0
IN Brain-0185(a),0,1,1
IN Brain-0185(b),0,1,1
IN Brain-0186(a),1,0,1
IN Brain-0186(b),1,0,1
IN Brain-0187(a),1,1,0
IN Brain-0187(b),1,1,0
IN Brain-0188,1,1,1
IN Brain-0189,1,0,1
IN Brain-0190,0,1,0
IN Brain-0191(a),1,1,0
IN Brain-0191(b),1,1,0
IN Brain-0192(a),0,1,0
IN Brain-0192(b),0,1,0
IN Brain-0193(a),0,1,0
IN Brain-0193(b),0,1,0
IN Brain-0194(a),1,1,0
IN Brain-0194(b),1,1,0
IN Brain-0195,0,1,0
IN Brain-0196(a),0,1,0
IN Brain-0196(b),0,1,0
IN Brain-0197(a),0,1,0
IN Brain-0197(b),0,1,0
IN Brain-0198,1,1,0
IN Brain-0199,1,1,0
IN Brain-0200,1,1,0
IN Brain-0201,0,1,0
IN Brain-0202(a),1,1,0
IN Brain-0202(b),1,1,0
IN Brain-0203,1,1,0
IN Brain-0204,1,0,1
IN Brain-0205,0,1,1
IN Brain-0206,0,1,0
IN Brain-0207,0,1,1
IN Brain-0208,0,1,0
IN Brain-0209(a),0,1,0
IN Brain-0209(b),0,1,0
IN Brain-0210,1,0,1
IN Brain-0211,1,1,0
IN Brain-0213,1,0,1
IN Brain-0214,0,1,0
IN Brain-0215,1,1,0
IN Brain-0216(a),0,1,0
IN Brain-0216(b),0,1,0
IN Brain-0217(a),1,0,1
IN Brain-0217(b),1,0,1
IN Brain-0218(a),0,1,0
IN Brain-0218(b),0,1,0
IN Brain-0219,0,1,0
IN Brain-0220,1,1,0
IN Brain-0221,1,1,1
IN Brain-0222,1,0,1
IN Brain-0223,0,1,0
IN Brain-0224,1,0,1
IN Brain-0225,1,0,1
IN Brain-0226,0,1,1
IN Brain-0227,1,0,1
IN Brain-0228(a),0,1,1
IN Brain-0228(b),0,1,1
IN Brain-0229,0,1,0
IN Brain-0231,1,1,0
IN Brain-0232(a),1,1,0
IN Brain-0232(b),1,1,0
IN Brain-0233(a),0,1,1
IN Brain-0233(b),0,1,1
IN Brain-0234(a),1,1,0
IN Brain-0234(b),1,1,0
IN Brain-0235(a),1,0,0
IN Brain-0235(b),1,0,0
IN Brain-0236(a),0,1,0
IN Brain-0236(b),0,1,0
IN Brain-0237(a),1,0,1
IN Brain-0237(b),1,0,1
IN Brain-0237(c),1,0,1
IN Brain-0238(a),1,1,0
IN Brain-0238(b),1,1,0
IN Brain-0238(c),1,1,0
IN Brain-0239(a),1,0,1
IN Brain-0239(b),1,0,1
IN Brain-0240(a),1,1,0
IN Brain-0240(b),1,1,0
IN Brain-0241,0,1,1
IN Brain-0242(a),1,1,0
IN Brain-0242(b),1,1,0
IN Brain-0243,1,1,0
IN Brain-0244,0,1,1
IN Brain-0245,1,0,1
IN Brain-0246,0,1,0
IN Brain-0247,0,1,0
IN Brain-0248,0,1,0
IN Brain-0249,1,0,0
IN Brain-0250,1,0,1
IN Brain-0251,1,1,0
IN Brain-0252(a),1,0,1
IN Brain-0252(b),1,0,1
IN Brain-0253(a),0,0,1
IN Brain-0253(b),0,0,1
IN Brain-0254,0,1,0
IN Brain-0255(a),0,1,0
IN Brain-0255(b),0,1,0
IN Brain-0256(a),0,1,0
IN Brain-0256(b),0,1,0
IN Brain-0257,0,1,0
IN Brain-0258(a),0,1,0
IN Brain-0258(b),0,1,0
IN Brain-0259(a),1,0,1
IN Brain-0259(b),1,0,1
IN Brain-0260(a),1,0,1
IN Brain-0260(b),1,0,1
IN Brain-0261(a),1,1,0
IN Brain-0261(b),1,1,0
IN Brain-0262(a),0,1,0
IN Brain-0262(b),0,1,0
IN Brain-0263(a),1,1,0
IN Brain-0263(b),1,1,0
IN Brain-0264,0,1,0
IN Brain-0265(a),0,1,1
IN Brain-0265(b),0,1,1
IN Brain-0266,1,0,1
IN Brain-0267,0,1,1
IN Brain-0268,0,1,1
IN Brain-0269,1,0,1
IN Brain-0270,0,1,1
IN Brain-0271(a),1,1,1
IN Brain-0271(b),1,1,1
IN Brain-0272,0,1,0
IN Brain-0273,1,1,0
IN Brain-0274,1,0,1
IN Brain-0275,1,0,0
IN Brain-0276,0,1,0
IN Brain-0277,0,1,0
IN Brain-0278,0,0,0
IN Brain-0279,1,1,0
IN Brain-0280,1,0,1
IN Brain-0281,0,1,0
IN Brain-0282,0,1,1
IN Brain-0283,1,1,0
IN Brain-0284(a),0,1,0
IN Brain-0284(b),0,1,0
IN Brain-0285,1,0,0
IN Brain-0286,0,1,0
IN Brain-0287,1,1,0
IN Brain-0288,1,1,0
IN Brain-0289,0,1,0
IN Brain-0290(a),0,1,0
IN Brain-0290(b),0,1,0
IN Brain-0291,0,1,0
IN Brain-0292,0,0,0
IN Brain-0294,1,1,1
IN Brain-0295,1,1,0
IN Brain-0296(a),1,1,0
IN Brain-0296(b),1,1,0
IN Brain-0297(a),1,1,0
IN Brain-0297(b),1,1,0
IN Brain-0298(a),0,1,0
IN Brain-0298(b),0,1,0
IN Brain-0299(a),1,1,0
IN Brain-0299(b),1,1,0
IN Brain-0301,0,1,0
IN Brain-0302(a),0,1,0
IN Brain-0302(b),0,1,0
IN Brain-0304,1,1,0
IN Brain-0305,0,1,0
IN Brain-0307(a),0,1,0
IN Brain-0307(b),0,1,0
IN Brain-0308,1,1,0
IN Brain-0309,0,1,0
IN Brain-0310,0,1,0
IN Brain-0311(a),0,1,0
IN Brain-0311(b),0,1,0
IN Brain-0312,0,1,0
IN Brain-0313(a),1,0,1
IN Brain-0313(b),1,0,1
IN Brain-0314(a),0,1,0
IN Brain-0314(b),0,1,0
IN Brain-0315(a),1,0,1
IN Brain-0315(b),1,0,1
IN Brain-0316(a),1,1,0
IN Brain-0316(b),1,1,0
IN Brain-0317(a),0,1,0
IN Brain-0317(b),0,1,0
IN Brain-0318(a),1,1,0
IN Brain-0318(b),1,1,0
IN Brain-0319,0,1,1
IN Brain-0320,1,1,0
IN Brain-0321(a),1,0,0
IN Brain-0321(b),1,0,0
IN Brain-0322,0,1,0
IN Brain-0323(a),0,1,0
IN Brain-0323(b),0,1,0
IN Brain-0324(a),0,1,0
IN Brain-0324(b),0,1,0
IN Brain-0325(a),1,0,1
IN Brain-0325(b),1,0,1
IN Brain-0326,1,1,0
IN Brain-0327(a),0,1,0
IN Brain-0327(b),0,1,0
IN Brain-0328,1,1,1
IN Brain-0329(a),1,1,0
IN Brain-0329(b),1,1,0
IN Brain-0330(a),1,1,0
IN Brain-0330(b),1,1,0
IN Brain-0331(a),1,1,1
IN Brain-0331(b),1,1,1
IN Brain-0334(a),1,1,0
IN Brain-0334(b),1,1,0
IN Brain-0335,1,1,0
IN Brain-0337,1,1,1
IN Brain-0338,0,1,1
IN Brain-0339,0,1,1
IN Brain-0340,1,1,0
IN Brain-0341,0,1,0
IN Brain-0342,0,1,1
IN Brain-0343(a),1,1,1
IN Brain-0343(b),1,1,1
IN Brain-0344,1,1,0
IN Brain-0345,1,1,0
IN Brain-0346,0,1,0
IN Brain-0347,0,1,0
IN Brain-0348,1,1,0
IN Brain-0349,1,1,0
IN Brain-0350,1,1,0
IN Brain-0351,1,1,1
IN Brain-0352,1,1,0
IN Brain-0353,1,0,1
IN Brain-0354,0,1,1
IN Brain-0355,0,1,1
IN Brain-0356,0,1,1
IN Brain-0358,1,0,1
IN Brain-0359,1,1,0
IN Brain-0360,0,1,1
IN Brain-0361,0,1,1
IN Brain-0363(a),1,0,0
IN Brain-0363(b),1,0,0
IN Brain-0364,0,1,1
IN Brain-0365,1,0,1
IN Brain-0366,0,1,1
IN Brain-0367,0,1,1
IN Brain-0368,0,1,1
IN Brain-0369,1,0,1
IN Brain-0370,0,1,1
